 	
 29 Palms	
 32967	
 A.P.O., New York	
 Abercrombie	
 Aberdeen	
 Aberdeen Proving Ground	
 Abilene	
 Abingdon	
 Acton	
 Acworth	
 Adamsville	
 Addison	
 Adrian	
 Advance	
 Afton	
 Agawam	
 Agoura Hills	
 Ahoskie	
 Aiken	
 Aitkin	
 Akron	
 Alabaster	
 Alameda	
 Alamogordo	
 Alamosa	
 Albany	
 Albert Lea	
 Albion	
 Albuequerque	
 Albugueque	
 Albuquergue	
 Albuquerque	
 Alcester	
 Aldie	
 Alexandria	
 Alguquerque	
 Alhambra	
 Aliquippa	
 Aliso Viejo	
 Alkabo	
 Allen	
 Allen Park	
 Allendale	
 Allentown	
 Allison park	
 Allston	
 Almo	
 Alpena	
 Alpharetta	
 ALPINE	
 Alsen	
 Altadena	
 Altamonte Springs	
 Altoona	
 Altus	
 Alvin	
 Amarillo	
 American Fork	
 Americus	
 Amery	
 Ames	
 AMHERST	
 Amory	
 Amsterdam 1015 AM	
 Anaconda	
 Anaheim	
 Anchorage	
 Anderson	
 Andorer	
 Andover	
 Andrews	
 ANGEL FIRE	
 Angola	
 Animas	
 Ankeny	
 Ann Arbor	
 Annandale	
 Annapolis	
 Anniston	
 Anoka	
 Anthem	
 Antioch	
 Apache Junction	645055241
 Apex	
 APO	
 APO New York	
 Apple Valley	
 Applegate	
 Appleton	
 Aqoura Hills	
 ARCADIA	
 Arcata	
 Ardmore	
 Argyle	
 Arkport	
 Arlee	
 Arlington	
 Arlington Heights	
 ARLINGTON HTS	
 Arnold	
 Arrowsic	
 Arroyo Grande	
 Artesia	
 Arundel	
 Arvada	
 Asbury	
 Ashburn	
 Asheville	
 Ashland	
 Assumption	
 Astoria	
 Atascadero	
 Athens	
 Athol	
 Atlanta	
 Atlantic	
 ATLANTIC BEACH	
 Atoka	
 Auburn	
 Audubon	
 Augusta	
 Aurora	
 Austin	
 Avalon	
 Avon	
 Avon Lake	
 Avondale	645058245
 BADA	
 Bailey	
 Bainbridge Island	
 Baker City	
 Bakersfield	
 Bald Head Island	
 Baldwin	
 Baldwinville	
 BALLINGER	
 Ballston Spa	
 Ballwin	
 Baltimore	
 Bandon	
 Bansalem	
 Barberton	
 Barcelona	
 Barnardsville	
 Barre	
 BARRINGTON	
 Basking Ridge	
 Bat Cave	
 Batesville	
 Baton Rouge	
 Battle Creek	
 Battle Ground	
 Battle Lake	
 Battlefield	
 Baudette	
 Bay City	
 Bay Pines	
 Bay Village	
 Bayfield	
 Bayside	
 Baytown	
 Bayville	
 Beachwood	
 Beaufort	
 Beaver	
 Beaver Dam	
 Beaver Falls	
 Beavercreek	
 Beaverton	
 Bedford	
 Bedminster	
 Bel Air	
 Belen	
 Belfield	
 Belgrade	
 Belington	
 Bell Gardens	
 Belle Fourche	
 Belle Mead	
 Belleville	
 Bellevue	
 Bellingham	
 Belmont	
 Beloit	
 Beltsville	
 Belvedere Tiburon	
 Bemidji	
 Bemus Point	
 Bend	
 Benedicta	
 Bennettsville	
 Bennington	
 Bensalem	
 Benson	645058246
 BENTON	
 Bentonville	
 Berea	
 BERGENFIELD	
 Berkeley	
 Berkeley Heights	
 Berkeley Lake	
 Berlin	
 Berlin Center	
 BERMUDA DUNES	
 Berryville	
 Bethany	
 Bethel Park	
 Bethesda	
 Bethlehem	
 Bettendorf	
 Beuson	
 Beverly	
 Beverly Hills	
 Big Bay	
 Big Spring	
 Bigfork	
 Bilics, Sydney ND	
 Billings	
 BIMINGHAM	
 Bingham	
 Bingham Farms	
 Binghamton	
 Birmingham	
 Bishop	
 Bismarck	
 Bixby	
 Black Canyon City	
 Black Mountain	
 Blackfoot	
 Blacksburg	
 Blackwell	
 Blair	
 Blairsville	
 Blanding	
 Bloomfield	
 Bloomfield Hills	
 Bloomington	
 Bloomsburg	
 Blue Ash	
 Blue Hill	
 Blue Island	
 Blue Springs	
 Bluff City	
 Bluffton	
 Blythe	
 Blythewood	
 Boca Raton	
 Boca Rotan	
 Boerne	
 Boiose	
 Boise	
 Bolinas	
 Bolingbrook	
 Bolivar	
 Bonaire	
 Bonita	
 Bonita Springs	
 Bonners Ferry	
 Bonney Lake	
 Boonville	
 Bossier City	
 Boston	
 Bothell	
 Boulder	
 Boulder City	
 Boulder Junction	
 Bountiful	
 Bourbonnais	
 Bowler	
 Bowling Green	
 Boynton Beach	
 Bozeman	
 Bozman	
 Bozrah	
 Bradenton	
 Bradford	
 Brainerd	
 Braintree	
 Branchburg	
 Brandon	
 Branford	
 Branson	
 Brea	
 Breaux Bridge	
 Breckenridge	
 Bremen	
 Bremerton	
 Brenerton	
 Brenton	
 Brentwood	
 Brevard	
 Brewer	
 Brewster	
 Brick	
 Bridgeport	
 Bridgeton	
 Bridgewater	
 Brigham City	
 Brighton	
 Bristol	
 Broadview Heights	
 Broadview Hts	
 Broken Arrow	
 Bronx	
 Brookfield	
 Brookhaven	
 Brookings	
 Brooklet	
 Brookline	
 Brooklyn	
 Brookston	
 Broomfield	
 Brown Mills	
 Browning	
 Brownsville	
 Bruceton Mills	
 Brunswick	
 Brush	
 Bryn Mawr	
 Buckeye	
 Buckingham	
 Buellton	
 Buena Park	
 Buena Vista	
 Buffalo	
 Buffalo Grove	
 Buford	
 Bullhead City	645056774
 Bunkerville	
 Burbank	
 Burdett	
 Burien	
 Burke	
 Burkeville	
 Burlington	
 Burnaby	
 Burnsville	
 Burr Ridge	
 Butler	
 Buxton	
 Byram	
 Cadillac	
 Calais	
 Caldwell	
 Caledonia	
 Calgary	
 Calgary Alberta	
 Caliente	
 California	
 Calumet	
 Camano Island	
 Camarillo	
 Camas	
 Cambridge	
 Camden	
 CAMERON	
 Camp Pendleton	
 Camp Verde	
 CAMPBELLSPORT	
 Campo	
 Canal Winchester	
 CANANDAIGUA	
 Canby	
 Candler	
 Canfield	
 Canon City	
 Canton	
 Cape Coral	
 Cape Girardeau	
 Carbondale	
 Carefree	
 Caribou	
 Carina	
 Carlsbad	
 Carmel	
 Carmi	
 Carmichael	
 Caroga Lake	
 Carolina Beach	
 Carpentersville	
 Carpinteria	
 Carroll	
 Carrollton	
 Carson City	
 CARTERSVILLE	
 Carthage	
 Cary	
 Casa Grande	645055242
 Cascade	
 Casper	
 Cassadaga	
 Castle Rock	
 Castle Shannon	
 Castro Valley	
 Catonsville	
 Catskill	
 Causeway Bay	
 Cave Creek	
 Cayman	
 CAZENOVIA	
 Cedar City	
 Cedar Crest	
 Cedar Falls	
 Cedar Hill	
 Cedar Park	
 Cedar Rapids	
 Cedarburg	
 Cedartown	
 Centennial	
 center ossipee	
 Centerville	
 Central City	
 Central Islip	
 Central Point	
 Centralia	
 Centreville	
 Cerritos	
 Chagrin Falls	
 Chalfant	
 Chalfont	
 Chambersburg	
 Champaign	
 Chandler	645058252
 Chanhassen	
 Channelview	
 Chapel Hill	
 Chapin	
 Chardon	
 Charleston	
 Charleston AFB	
 CHARLESTOWN	
 Charlotte	
 Charlottesville	
 Chatham	
 CHATSWORTH	
 Chattanooga	
 Cheboygan	
 Checotah	
 Cheektowaga	
 Chelmsford	
 Chelsea	
 Cherry Creek	
 Cherry Hill	
 Chesapeake	
 Cheshire	
 Chesire	
 Chester Springs	
 Chesterfield	
 Chesterton	
 CHEVY CHASE	
 Cheyenne	
 CHICAG0	
 Chicago	
 Chicago Heights	
 Chico	
 Chicopee	
 Chicora	
 Chinle	
 CHINO HILLS	
 Chino Valley	
 Chisholm	
 Christchurch	
 Chubbuck	
 Chula Vista	
 Cimarron	
 Cincinnati	
 Cincinnatus	
 Cinnaminson	
 Circleview	
 City Of Spokane Valley	
 Clackamas	
 CLANCY	
 Clarence Center	
 Clarinda	
 Clarion	
 Clark	
 Clarkdale	
 Clarks Summit	
 Clarksburg	
 Clarkston	
 Clarksville	
 Clayton	
 Clear Brook	
 Clearfield	
 Clearwater	
 Clementon	
 Clermont	
 Cleveland	
 Cleveland Heights	
 Cliff	
 Clifton	
 Clifton Forge	
 Clifton Park	
 Clinton	
 Clinton Township	
 Clintonville	
 Clive	
 Cloquet	
 Cloudcroft	
 Clovis	
 Clyde	
 Clyde Hill	
 Coal Twp	
 Coatesville	
 Cochise	
 Cocoa	
 Cody	
 Coeur D Alene	
 Coeur D'Alene	
 Coeurd' Alene	
 Coieur d'Alene	
 Colbert	
 Cold Spring Harbor	
 Colebrook	
 Coleman	
 College Park	
 Collierville	
 Collinsville	
 Colo	
 Colonia	
 Colorado City	
 Colorado Springs	
 Colton	
 Columbia	
 columbia city	
 Columbus	
 Columbus AFB	
 Commack	
 Commerce City	
 Comstock Park	
 CONCHO	
 Concord	
 Concord Township	
 Concordville	
 Conner	
 Connersville	
 Conroe	
 Conshohocekn	
 CONSHOHOCKEN	
 Conway	
 Conyers	
 Cookeville	
 Coolidge	645055244
 Coolin	
 Coos Bay	
 Coppell	
 Coral Springs	
 Coralville	
 CORNELL	
 Cornville	
 Cornwall	
 Corona	
 Coronado	
 Corpus Christi	
 Corrales	
 Cortez	
 Cortland	
 Cortlandt Manor	
 Corvallis	
 Corydon	
 Cos Cob	
 Coshocton	
 Costa Mesa	
 Cotopaxi	
 Cottageville	
 Cotton	
 Cottonwood	645058257
 COTTONWOOD HEIGH	
 Council Bluffs	
 Courtice	
 Courtland	
 Covington	
 Cpncprdville	
 Craig	
 Cranberry Township	
 Crandall	
 Cranford	
 Crawford	
 Crawfordville	
 Cresson	
 Crested Butte	
 Crestview	
 Creswell	
 Crete	
 Crooked River Ranch	
 Crossville	
 Crown Point	
 CRYSTAL LAKE	
 Crystal River	
 Cumberland	
 Cumming	
 Cummings	
 Cupertino	
 Custer	
 DADE CITY	
 Dafur	
 Dahlonega	
 Dallas	
 Dallastown	
 Dalton	
 Daly City	
 Damascus	
 Danbury	
 Danvers	
 Danville	
 Darien	
 Dartmouth	
 Darwin	
 Davenport	
 David City	
 DAVIDSON	
 Davie	
 Davis	
 Davis Monthan Afb	
 Davison	
 Daviston	
 Dawsonville	
 Dayton	
 De Forest	
 Dearborn	
 Decatur	
 Deerfield	
 Deerfield Beach	
 Dekalb	
 Del Mar	
 Del Norte	
 Del Rio	
 Delafield	
 Deland	
 Delavan	
 Delaware	
 Delray Beach	
 Delta	
 Deming	
 Demuna	
 Denton	
 Denver	
 Denville	
 Depauw	
 DePere	
 Derby	
 DeRidder	
 DeRuyter	
 Derwood	
 Des Moines	
 Des Plaines	
 Desert Hot Springs	
 Destin	
 Detroit	
 Detroit Lakes	
 Dexter	
 Dfw Airport	
 Diamond Bar	
 Dickinson	
 Dietrich	
 Dike	
 Dillon	
 Dix Hills	
 Dixon	
 Dobbs Ferry	
 Dolan Springs	
 Dolores	
 Donnelly	
 Doral	
 Dothan	
 Dothen	
 Douglas	645058259
 Dove Creek	
 Dover	
 Dover Afb	
 Dover Foxcroft	
 Dowagic	
 Downers Grove	
 Downingtown	
 Doylestown	
 Dracut	
 Draper	
 Dresden	
 Driggs	
 Dripping Springs	
 Drums	
 Dublin	
 Dubuque	
 Dufur	
 Duluth	
 Dumfries	
 Duncan	
 Duncanville	
 Dundas	
 Dundee	
 Dunedin	
 Dunkirk	
 Dunn	
 Dunwoody	
 Dupont	
 Durango	
 Durant	
 Durham	
 Durhan	
 Duxbury	
 DYER	
 Dyersville	
 E Amherst	
 Eagan	
 Eagle	
 Eagle Mountain	
 Eagle River	
 Easley	
 East Alton	
 East Amherst	
 East Bend	
 East Bridgewater	
 East Brunswick	
 East Burke	
 East Dover	
 East Elmhurst	
 East Freetown	
 East Hartford	
 East Haven	
 East Helena	
 East Lansing	
 East Longmeadow	
 East Lynn	
 East Northport	
 East Peoria	
 East Point	
 East Stroudsburg	
 East Windsor	
 Easthampton	
 Easton	
 Eastvale	
 Eatontown	
 Eau Claire	
 Eckert	
 Eden Prairie	
 Edgewood	
 Edina	
 Edinboro	
 Edison	
 Edmond	
 Edmonds	
 Edmonton	
 Edmonton, Canada	
 Edwards	
 EDWARDSVILLE	
 Effingham Falls	
 Egg Harbor City	
 Eglin AFB	
 El Cajon	
 El Centro	
 El Dorado Hills	
 El Granada	
 El Mirage	645058262
 El Monte	
 El Paso	
 El Reno	
 Elba	
 Elberton	
 Elephant Butte	
 Elgin	
 Elizabeth	
 Elizabethtown	
 Elkhart	
 Elkins Park	
 Elko	
 Elkridge	
 Elkton	
 Ellensburg	
 Ellicott City	
 Ellington	
 Ellingwood	
 Ellisville	
 Ellsworth	
 Ellsworth Afb	
 Elmendorf-Richardson	
 Elmhurst	
 Elsmere	
 Ely	
 Emerald Isle	
 Emeryville	
 Emigrant	
 Emmetsburg	
 Empire	
 Emporia	
 encinitas	
 Encino	
 Endwell	
 Enfield	
 Englewood	
 ENGLEWOOD CLIFFS	
 Erial	
 Erie	
 Escondido	
 Espanola	
 Estacada	
 Estes Park	
 Euclid	
 Eufaula	
 Eugene	
 Euless	
 Eureka	
 Evans City	
 Evanston	
 Evansville	
 Everett	
 Evergreen	
 Evergreen Park	
 Evington	
 Ewa Beach	
 Ewing	
 Excelsior	
 Exeter	
 Fair Haven	
 Fair Lawn	
 Fair Oaks	
 Fairbanks	
 Fairburn	
 Fairfax	
 Fairfax Station	
 Fairfield	
 Fairhope	
 FAIRLAWN	
 Fairmount	
 Fairport	
 Fairview Park	
 Fall River	
 Fallon	
 Falls Church	
 Falmouth	
 Fanwood	
 Fargo	
 FARIBAULT	
 Farmers Branch	
 Farmingdale	
 Farmingham	
 Farmington	
 Farmington Hills	
 Farmingville	
 Farmville	
 Fayetteville	
 Feasterville Trevose	
 Fed. Way	
 Federal Way	
 Felicity	
 Felton	
 Fenton	
 FERNANDINA BEACH	
 Ferndale	
 Fillmore	
 Findlay	
 Fishers	
 Fishersville	
 Fisherville	
 Fiskdale	
 FITCHBURG	
 Flagstaff	645058263
 Flashing	
 Fleetwood	
 Flemington	
 Fletcher	
 Flinton	
 Flora	
 Floral Park	
 Florence	
 Florissant	
 Flowery Branch	
 Floyds Knobs	
 Flushing	
 FOLEY	
 Fond Du Lac	
 Fontana	
 Fonthill	
 Foothill Ranch	
 Forest	
 Forest City	
 Forest Grove	
 Forest Hills	
 Fort Belvoir	
 Fort Benning	
 Fort Bragg	
 Fort Campbell	
 Fort Carson	
 Fort Collins	
 Fort Drum	
 Fort Fairfield	
 Fort Hood	
 Fort Kent	
 Fort Knox	
 Fort Lauderdale	
 Fort Lee	
 Fort Leonard Wood	
 Fort Meade	
 Fort Meyer	
 FORT MEYERS	
 Fort Mill	
 Fort Mitchell	
 Fort Mohave	
 Fort Montgomery	
 Fort Morgan	
 Fort Myers	
 Fort Polk	
 Fort Riley	
 Fort Rucker	
 Fort Sam Houston	
 Fort Scott	
 Fort Smith	
 Fort Totten	
 Fort Wainwright	
 Fort Walton Beach	
 Fort Washington	
 Fort Wayne	
 Fort Worth	
 Fortsmith	
 Fosston	
 Fountain Hills	
 Fox Lake	
 FOX POINT	
 Framingham	
 Francestown	
 Frankenmuth	
 Frankfort	
 Franklin	
 Franklin Park	
 Frazee	
 Frederick	
 Fredericksburg	
 Fredonia	
 Freedom	
 Freehold	
 Freeland	
 Freemont	
 Freeport	
 Fremont	
 Fresno	
 Frickenhausen	
 Fridley	
 FRISCO	
 FRONT ROYAL	
 Ft Collins	
 Ft Gordon	
 Ft Huachuca	
 Ft Riley	
 Ft Sam Houston	
 Ft Washington	
 Ft Worth	
 Ft. Bliss	
 Ft. Bragg	
 Ft. Campbell	
 Ft. Collins	
 Ft. Drum	
 Ft. Gordon	
 Ft. Lauderdale	
 Ft. Myers	
 Ft. Riley	
 Ft. Stewart	
 Ft. Wayne	
 Ft. Worth	
 Fuguay Varina	
 Fuquay Varina	
 Gainesville	
 Gainsville	
 GAITHERSBURG	
 Galesburg	
 Galloway	
 Gallup	
 Gambrills	
 Gansevoort	
 Garden City	
 Garden Grove	
 Gardnersville	
 GARNER	
 Garran	
 Garrison	
 Gary	
 Gastonia	
 Gedersib	
 Geneva	
 Georgetown	
 Gering	
 Germantown	
 Germantown Hills	
 Gettysburg	
 Ggrand Forks	
 Gibsons	
 Gidgegannup	
 Gig Harbor	
 Gilbert	
 Gillette	
 Gilroy	
 Glastonbury	
 Glen Allen	
 Glen Burnie	
 Glen Carbon	
 GLEN ELLYN	
 Glen Gardner	
 GLEN ROCK	
 Glencoe	
 Glendal	
 Glendale	645058269
 GLENDALE HEIGHTS	
 Glendive	
 Glendside	
 Gleneden Beach	
 GlenMills	
 Glenside	
 Glenview	
 GlenWareny	
 Glenwood	
 Globe	645055251
 Glorieta	
 Goffstown	
 Gold Beach	
 Gold Canyon	
 GOLDEN	
 Golden Valley	
 Goldsboro	
 Golf Breeze	
 Goodlettsville	
 Goodyear	645058270
 Gorham	
 Goshen	
 Grafton	
 Grain Valley	
 Granada Hills	
 Grand Blanc	
 Grand Forks	
 Grand Haven	
 Grand Island	
 Grand Junction	
 Grand Prairie	
 Grand Rapids	
 Grand Terrace	
 GrandIsland	
 Granger	
 Grangeville	
 Granite Bay	
 Grants Pass	
 Grantsburg	
 Grantsville	
 Grass Valley	
 Gray	
 Grayslake	
 Great Barrington	
 Great Falls	
 Great Lakes	
 Great Neck	
 Greeley	
 Greely	
 Green Acres	
 Green Bay	
 Green River	
 Green Valley	
 Greenboro	
 Greenbush	
 Greeneville	
 Greenfield	
 Greenlawn	
 Greensboro	
 Greenville	
 Greenwood	
 Greenwood Lake	
 GREENWOOD VILLAG	
 Greenwood Village	
 Greer	
 Gresham	
 Gretna	
 Griffin	
 Grimes	
 Griswold	
 Groton	
 Grove	
 Grove City	
 GROVER	
 Groveton	
 Guelph	
 Guilderland	
 Guilford	
 Gulf Breeze	
 GULF SHORES	
 GULFPORT	
 Gunnison	
 GYPSUM	
 Hacienda Heights	
 Hackensack	
 Hagerstown	
 Haleiwa	
 Hales Corners	
 Halifax	
 Hamburg	
 Hamden	
 Hamilton	
 Hamilton Square	
 Hamlin	
 Hammond	
 Hammonton	
 Hampden	
 Hampstead	
 Hampton	
 Hancock	
 Hankinson	
 Hanover Park	
 Happy Jack	
 HAPPY VALLEY	
 Harker Heights	
 Harlan	
 Harlingen	
 Harpswell	
 Harrington	
 Harrisburg	
 Harrison	
 Harrisonburg	
 Hartford	
 Hartland	
 Harvey	
 HARWOOD HEIGHTS	
 Hastings	
 Hasty	
 Hatboro	
 HATCH	
 Hattiesburg	
 Hauppauge	
 Haverford	
 Havertown	
 Haworth	
 HAWTHORNE	
 Haxtun	
 Haymarket	
 Hays	
 Hayward	
 Hazleton	
 Heathrow	
 HEBER	
 Heber City	
 HELENA	
 Helotes	
 HELPER	
 Henderson	
 Hendersonville	
 HENDERVILLE	
 HERBER	
 Hercules	
 Hereford	
 Herlong	
 Hermitage	
 Hernando	
 Herndon	
 Herriman	
 Hershey	
 Herzeliya	
 Hesperia	
 Hialeah	
 Hiawassee	
 Hibbing	
 Hickory	
 Hicksville	
 Highland	
 Highland Hills	
 Highlands Ranch	
 Highwood	
 Higley	
 Hill Afb	
 Hilliard	
 Hillsboro	
 Hillsborough	
 Hilo	
 HILTON HEAD	
 Hilton Head Island	
 Hines	
 HINGHAM	
 Hinsdale	
 Hixson	
 Hoagland	
 Hobart	
 Hobbs	
 Hoboken	
 Hockessin	
 Hoffman Estates	
 Holbrook	645058272
 Holderness	
 Holiday	
 HOLLADAY	
 Holland	
 Holland Patent	
 Holley	
 Hollidaysburg	
 Holly Ridge	
 Hollywood	
 Holmdel	
 Holmen	
 Holyoke	
 Homerville	
 Homewood	
 Homosassa	
 Honolulu	
 Hood River	
 Hoover	
 Hopewell Junction	
 Hopkins	
 Hopkinsville	
 Horsehoe	
 Hot Springs	
 Hot Springs National Park	
 Houghton	
 Houlton	
 Houma	
 Houston	
 Howard	
 HUACHUCA CITY	
 Hudson	
 Humble	
 Hunt Valley	
 Huntersville	
 Huntingburg	
 Huntingdon	
 HUNTINGTON	
 Huntington Beach	
 Huntington Woods	
 Huntsville	
 Hurley	
 Huron	
 Hurricane	
 Huson	
 Hutchinson	
 HUTCHISON	
 Hyattsville	
 Hyden	
 Hyderabad	
 Iahaina	
 Idaho Falls	
 Idianapolis	
 Idlewylde	
 Imperial	
 INCLINE VILLAGE	
 Independence	
 Indian Head Park	
 Indian Shores	
 Indian Trail	
 Indiana	
 INDIANAOLIS	
 Indianapolis	
 INEZ	
 Inglewood	
 Inver Grove Height	
 Inver Grove Heights	
 Iola	
 Ione	
 Iowa City	
 Ipswich	
 Irmo	
 Iron Mountain	
 Irvine	
 Irving	
 Irwin	
 Island Heights	
 Island Lake	
 Islip Terrace	
 Issaquah	
 Itasca	
 Ithaca	
 Ivins	
 Jacksboro	
 Jackson	
 Jacksonville	
 Jacksonville Beach	
 Jamaica	
 Jamestown	
 JAMISON	
 Janesville	
 Jasper	
 Jber	
 JBPHH	
 Jbsa Ft Sam Houston	
 Jbsa Lackland	
 Jefferson	
 Jefferson City	
 Jeffersonville	
 Jericho	
 Jersey City	
 Jesup	
 Jewett	
 Jim Falls	
 Jim Thorpe	
 Johns Creek	
 Johnson City	
 Johnson Creek	
 Johnstown	
 Joint Base Lewis McChord	
 Joint Base Lewis-McChord	
 Joint Base Mdl	
 Joliet	
 Jonesborough	
 Jonesburg	
 Joplin	
 Joppa	
 Joseph City	
 JUNCTION	
 Junction City	
 Juneau	
 Jupiter	
 Kailua	
 Kailua Kona	
 Kailua-Kona	
 Kalaheo	
 Kalama	
 Kalamazoo	
 Kalispell	
 KALKASKA	
 Kamuela	
 Kanab	
 Kaneohe	
 Kaneohe Bay	
 Kankakee	
 Kansas City	
 Kapa'au	
 Kapaa	
 Kapolei	
 Kasson	
 Katy	
 Kaukauna	
 Kayenta	
 KAYSVILLE	
 Keaau	
 Kealakekua	
 Kearney	
 Kearns	
 Keene	
 KEIZER	
 Keller	
 Kelowna	
 Kelsey	
 Kelseyville	
 Kenai	
 Kendallville	
 KENEOHE	
 Kennebunk	
 Kennebunkport	
 Kenner	
 KENNESAW	
 Kennett Sq.	
 Kennett Square	
 Kennewick	
 Kenosha	
 Kent	
 Kernersville	
 Kerrville	
 Ketchikan	
 Ketchum	
 Kettering	
 Kettle Falls	
 Kewanee	
 Kewaunee	
 Keyes	
 Keystone	
 Kiawah Island	
 Kihea  Maui	
 Kihei	
 Kila	
 Kimberly	
 King City	
 King George	
 King of Prussia	
 Kingfisher	
 Kingman	645058275
 Kingsburg	
 Kingston	
 Kingwood	
 Kinston	
 Kirkland	
 Kirkwood	
 Kirtland	
 Kissimmee	
 Kittery	
 Kitty Hawk	
 KLAMATH FALLS	
 Knob Noster	
 Knoxville	
 Kodak	
 Kodiak	
 Kokomo	
 KYKOTSMOVI VILLAGE|AZ	
 Kyle	
 La Crosse	
 La Grange Park	
 La Jolla	
 La Junta	
 La Mesa	
 LA QUINTA	
 Lacey	
 LaClede	
 Laconia	
 Ladson	
 Lady Lake	
 Lafayette	
 Lafayette Hill	
 Lagrange	
 Laguna Beach	
 Laguna Hills	
 Laguna Niguel	
 Lahaina	
 LaJolla	
 Lake Charles	
 Lake City	
 Lake Elsinore	
 Lake Forest	
 Lake Havasu City	645058277
 Lake Mary	
 Lake Odessa	
 Lake Oswego	
 Lake Placid	
 Lake Sherwood	
 Lake Worth	
 Lakeland	
 Lakeside	
 Lakeside Park	
 Lakeville	
 Lakeway	
 Lakewood	
 Lamar	
 Lancaster	
 Lander	
 Lane Tree	
 Lanesville	
 Langford	
 Langhorne	
 Langley AFB	
 Lanham	
 LANSDALE	
 Lansing	
 Laporte	
 Laramie	
 Laredo	
 Larkspur	
 Las Cruces	
 Las Cruses	
 Las Vegas	
 LaSalle	
 Latham	
 Latrobe	
 Lattayette	
 Laughlin	
 Laugjlin	
 Laurel	
 Laveen	
 Lavista	
 Lawrence	
 Lawrenceburg	
 Lawrenceville	
 Lawton	
 Le Center	
 League City	
 Leander	
 Leavenworth	
 LEAWOOD	
 Lebanon	
 LEE'S SUMMIT	
 Leeds	
 Leeper	
 Lees Summit	
 Leesburg	
 Leesville	
 Lehi	
 Lehigh Acres	
 Lei	
 Leicester	
 Leitchfield	
 Lemoore	
 Lenexa	
 Leonia	
 Levittown	
 Lewes	
 Lewiston	
 Lewisville	
 Lexington	
 Libertly	
 Liberty	
 Liberty Lake	
 Lihue	
 Lilburn	
 Limestone	
 Lincoln	
 Lincoln City	
 LINCOLNSHIRE	
 Lindon	
 Linthicum Heights	
 Lisbon	
 Lisle	
 Litchfield	
 Litchfield Park	645058279
 Lithia	
 Lititz	
 Little Canada	
 Little Falls	
 Little Rock	
 Littlestown	
 Littleton	
 Live Oak	
 Livermore	
 Livingston	
 Livonia	
 Lock Haven	
 Lodi	
 Logan	
 Logandale	
 Loganville	
 Loma Linda	
 Lombard	
 Lompoc	
 Londonderry	
 Long Beach	
 Long Branch	
 LONG ISLAND	
 Long Island City	
 Long Valley	
 LONGANDALE	
 Longmont	
 Longview	
 Longwood	
 Lorain	
 Lordsburg	
 Los Alamitos	
 Los Alamos	
 Los Angeles	
 Los Angeles,	
 Los Gatos	
 Los Lunas	
 Los Osos	
 Louisville	
 Loveland	
 Lovelock	
 Loves Park	
 Lovettsville	
 Lovington	
 Lowell	
 Lubback	
 Lubbock	
 Ludlow	
 Lufkin	
 Lumberton	
 Lummi Island	
 Lusby	
 Lutherville Timonium	
 LUTZ	
 Lyme	
 Lynbrook	
 Lynchborg	
 Lynchburg	
 Lyndeborough	
 Lynden	
 Lyndhurst	
 Lynnwood	
 Mableton	
 Machesney Park	
 Machias	
 Machiasport	
 Macomb	
 Macon	
 Madeira Beach	
 Madison	
 Madisonville	
 Mahopac	
 Maiden	
 Maidstone, Kent	
 Makawao	
 Malden	
 Malone	
 Malvern	
 MAMARONECK	
 Manahawkin	
 Manalapan	
 Manasquan	
 Manassas	
 Manchester	
 Manchester Center	
 Mancos	
 Mandan	
 Manhattan	
 Manhattan Beach	
 Manitou Springs	
 Mankato	
 Manly	
 Mannford	
 Manns Choice	
 Mansfield	
 Mansfield Center	
 Manson	
 Maple Grove	
 Maple Park	
 maple Valley	
 Marana	
 Marathon	
 Marblehead	
 Maricopa	645055256
 Marietta	
 Marion	
 Marlborough	
 Marlton	
 Marquette	
 Marquez	
 Marrero	
 Mars Hills	
 Marshalltown	
 Marshfield	
 Martin	
 Martinez	
 Mary Esther	
 Maryland Heights	
 Marysville	
 Maryville	
 Mashpee	
 Mason	
 Mason City	
 Masontown	
 Massapequa	
 Massapequa Park	
 Massillon	
 Maumee	
 Maurertown	
 Maurnee	
 Mayfield Heights	
 Mayport	
 Mays Landing	
 Maysville	
 Mc Henry	
 Mc Kees Rocks	
 Mc Lean	
 McAlester	
 McAllen	
 McCall	
 McCaysville	
 McKinney	
 McLean	
 McMinnville	
 McMurray	
 Meadowbrook	
 Mechanicsburg	
 Mechanicsville	
 Mechanicville	
 Medford	
 Media	
 Medina	
 Melbourne	
 Melissa	
 Melrose	
 Melrose Park	
 Memphis	
 Mendham	
 Mendota Heights	
 Menifee	
 Menlo Park	
 Menomonee Falls	
 Menomonie	
 Mentor	
 Mentor On The Lake	
 Mequon	
 Merced	
 Meredosia	
 Meriden	
 Meridian	
 MERRIAM	
 Merrick	
 Merrill	
 Merrillville	
 Merrimack	
 Mesa	645058303
 Mesilla Park	
 Mesquite	
 Metairie	
 Metamora	
 Methven	
 Mexico	
 Miami	
 MIAMI BEACH	
 Miamisburg	
 Middle Burg Hts	
 Middle Village	
 Middleburg Heights	
 Middlebury	
 Middleton	
 Middletown	
 Midland	
 Midlothian	
 MIDVALE	
 Midwest City	
 Mifflinburg	
 Milford	
 Mill Creek	
 Mill Valley	
 Millersville	
 Millington	
 Milwaukee	
 Milwaukie	
 Minden	
 MINEOLA	
 Mineral	
 Minford	
 Minneapolis	
 Minnetonka	
 Minot	
 Miramar Beach	
 Mish	
 Mishawaka	
 Mission Viejo	
 Missoula	
 Missouri City	
 Mitchell	
 Moab	
 MOBILE	
 Modesto	
 Mogadore	
 MOLINE	
 Mondovi	
 Monmouth Beach	
 Monmouth Junction	
 MONROE	
 Monroeville	
 Monrovia	
 Mont Vernon	
 Montara	
 Montchanin	
 Montclair	
 Monte Vista	
 Montebello	
 Monterey	
 Monterey Park	
 Montesano	
 Montgomery	
 Montgomery Village	
 Monticello	
 MONTOMEDI	
 Montpelier	
 Montreal	
 MONTROSE	
 Monument	
 Moody	
 Moon Twp.	
 Moorestown	
 Mooresville	
 Morehead	
 Moreland Hills	
 Morgan	
 Morgantown	
 Moriarty	
 Morris Plains	
 Morristown	
 Morschwil, SG	
 Morton	
 Morton Grove	
 Moscow	
 Moses Lake	
 Mount Airy	
 Mount Gilead	
 Mount Juliet	
 Mount Kisco	
 Mount Laurel	
 Mount Orab	
 MOUNT PLEASANT	
 Mount Prospect	
 Mount Vernon	
 Mountain Brk	
 Mountain Home	
 Mountain Home AFB	
 Mountaintop	
 Mountlake Terrace	
 MPLS	
 Mt Pleasant	
 Mt Prospect	
 Mt. Angel	
 Mt. Holly	
 Mt. Pleasant	
 Mt. Prospect	
 Mt. Vernon	
 Mtn. Home	
 Mukilteo	
 Muncie	
 Mundelein	
 Munroe Falls	
 Munster	
 Murfreesboro	
 Murphy	
 Murray	
 Murrells Inlet	
 Murrieta	
 Muscle Shoals	
 Muskogee	
 Myrtle Beach	
 N Franklin	
 N Huntingdon	
 N Las Vegas	
 N Little Rock	
 N. Barrington	
 N. Canton	
 N. Charleston	
 N. Chesterfield	
 N. Las Vegas	
 N.Andover	
 Nabb	
 Nampa	
 Nanty Glo	
 NANUET	
 Naperville	
 Naples	
 Narragansett	
 Nashua	
 Nashville	
 Naslett	
 Natick	
 National City	
 Naugatuck	
 Nauton	
 Nederland	
 Needham	
 Needles	
 Neenah	
 Nekoosa	
 Nellis Afb	
 Neptune	
 Neptune Beach	
 Nespelem	
 Nevada	
 NEW  YORK	
 New Albany	
 New Baltimore	
 NEW BERLIN	
 New Bern	
 NEW BRAUNFELS	
 New Britain	
 New Canaan	
 New Caney	
 NEW CASTLE	
 New City	
 New Concord	
 New Egypt	
 New Hartford	
 New Haven	
 New Hope	
 New Hyde Park	
 New Kengington	
 New Kensington	
 New Lenox	
 New London	
 NEW MARKET	
 New Milford	
 New Orleans	
 New Richmond	
 New Salem	
 New Ulm	
 New Windsor	
 New York	
 New York City	
 NEWARK	
 Newaygo	
 Newberg	
 NEWBURGH	
 Newcomb	
 Newington	
 Newland	
 Newnan	
 Newport	
 Newport Beach	
 NewPort News	
 Newton	
 Newtown	
 Niagara Falls	
 Niantic	
 Niceville	
 Nichols	
 NISSWA	
 Nixa	
 No. Plainfield	
 Noblesville	
 Nokomis	
 Nolensville	
 Norcross	
 Norfolk	
 Norman	
 Norristown	
 North Adams	
 North Andover	
 North Augusta	
 North Aurora	
 North Bellmore	
 North Bend	
 North Bergen	
 North Bethesda	
 North Brooke	
 North Canton	
 North Charleston	
 North East	
 NORTH HALEDON	
 North Haven	
 North Hills	
 NORTH HOLLYWOOD	
 North Kingstown	
 North Las Vegas	
 North Miami	
 North Myrtle Beach	
 North Ogden	
 north palm beach	
 NORTH PLATTE	
 North Potomac	
 North Reading	
 North Royalton	
 North Stratford	
 North Syracuse	
 North Tonawanda	
 North Wales	
 North Wildwood	
 North York	
 Northampton	
 Northbrook	
 Northfield	
 Northglenn	
 Northport	
 Northridge	
 Northville	
 Nortnfield	
 Norton	
 Norwalk	
 Norwich	
 Norwood Young America	
 Nova raton	
 Novato	
 Novelty	
 Novi	
 Nozwell	
 Nunnelly	
 Nyack	
 O Fallon	
 O'Fallen	
 Oak Brook	
 Oak Creek	
 Oak Forest	
 Oak Harbor	
 Oak Lawn	
 OAK PARK	
 Oakbrook	
 Oakdale	
 Oakland	
 Oakland Park	
 Oaklawn	
 Oakly	
 Ocala	
 Ocean	
 Ocean City	
 Ocean Park	
 Ocean Springs	
 Ocean View	
 Oceanside	
 Ocoee	
 Oconomowoc	
 Odenton	
 Odessa	
 Ogden	
 Oil City	
 OKEMOS	
 Oklahoma	
 Oklahoma City	
 Olathe	
 Old Bridge	
 Old Forge	
 Old Hickory	
 Old Lyme	
 Old Saybrook	
 Olmitz	
 Olney	
 Olympia	
 Omaha	
 Onalaska	
 Onamia	
 Oneonta	
 Ontario	
 Ooltewah	
 Opelika	
 Opelousas	
 Or	
 Orange	
 Orange Beach	
 Orange Park	
 Orchard Park	
 Oregon	
 Orem	
 Oren	
 Organ	
 Orland	
 Orland Hills	
 Orland Park	
 Orlando	
 Ormond Beach	
 Oro Valley	
 Osage	
 Oshkosh	
 Ossian	
 Ossining	
 Ossipee	
 Ossoan	
 Oswego	
 Ottawa	
 Oueen Creek	
 OVERLAND	
 Overland Park	
 Owatonna	
 Owens Cross Roads	
 Owensboro	
 Ownesboro	
 Oxford	
 Oxnard	
 Ozark	
 Pacifica	
 Paducah	
 Padurah	
 Page	645058306
 Pagosa Springs	
 Pahoa	
 Pahrump	
 Painesville	
 Palatine	
 Palestine	
 PALM BEACH GARDE	
 Palm Beach Gardens	
 Palm City	
 Palm Harbor	
 Palm Springs	
 Palmdale	
 Palmer	
 Palmyra	
 Palo Alto	
 Palos Heights	
 Palos Hills	
 Palos Park	
 Panama City	
 Paoli	
 Papillion	
 Paradise Valley	
 Paramus	
 Paris	
 Park City	
 Park Ridge	
 Parker	
 Parkers Prairies	
 Parkland	
 Parma	
 Parrish	
 Parsipanny	
 Parsippany	
 Pasadena	
 Pascagoula	
 Pasco	
 Paso Robles	
 Patagonia	
 Pawleys Island	
 Paynesville	
 Payson	
 Peabody	
 Peachtree City	
 Peachtree Corners	
 Pearl City	
 Pearland	
 Pecatur	
 Pecos	
 Pekin	
 Pelham	
 PELHAM MANOR	
 Pelican Rapids	
 Penang	
 Penfield	
 Penn Laird	
 Pensacola	
 Penscola	
 Peoria	647534298
 Pequot Lakes	
 Peridot	
 Perry	
 PERRYSBURG	
 Perryville	
 Peru	
 Petaluma	
 Peterborough	
 Petoskey	
 Peyton	
 Phelps	
 Phila	
 Philadelphia	
 Phillipsburg	
 PHIPPSBURG	
 Phoenix	645058311
 Phoenixville	
 Pickerington	
 Pico Rivera	
 Piermont	
 Pierre	
 Pikesville	
 Pine Grove Mills	
 Pine Hill	
 Pinedale	
 Pinehurst	
 Pinellas Park	
 Pinetop	
 Pineville	
 Pinole	
 Piscataway	
 Pitcairn	
 Pitkin	
 Pittsburg	
 Pittsburgh	
 Pittston	
 PLACENTIA	
 Placitas	
 Plainfiel	
 Plainfield	
 Plainview	
 Plaistow	
 Plankinton	
 Plano	
 Plantation	
 Platte	
 Platte City	
 Plattsburgh	
 Playa del Rey	
 PLEASANT GROVE	
 Pleasant Hill	
 Pleasant Prairie	
 Pleasant View	
 Pleasanton	
 Pleasantville	
 Plentywood	
 Plymouth	
 Plymouth Meeting	
 Plymouth Mtg	
 Plympton	
 Pocatello	
 Point Pleasant Boro	
 Point Roberts	
 Polacca	
 POLAND	
 Pomeroy	
 POMONA	
 Pompano Beach	
 Pompton Lakes	
 Ponderay	
 Ponte Vedra	
 Ponte Vedra Beach	
 PONTEVERDA BEACH	
 Port Angeles	
 Port Aransas	
 Port Arthur	
 PORT AUSTIN	
 Port Charlotte	
 Port Deposit	
 PORT HUENEME	
 Port Huron	
 Port Jefferson	
 Port Ludlow	
 Port Matilda	
 Port Moody	
 Port Orange	
 Port Orchard	
 Port Saint Lucie	
 Port St Lucie	
 Port Townsend	
 Port Washington	
 Portage	
 Portales	
 Porterville	
 Portland	
 Portsmouth	
 Post Falls	
 Potomac	
 POTTSBORO	
 Pottsville	
 Poughkeepsie	
 Pound	
 Poway	
 Powell	
 Prairie Village	
 Prarie Village	
 PRENTICE	
 Prescott	647534315
 Prescott Valley	
 Presque Isle	
 Price	
 PRINCETON	
 Princeville	
 Prior Lake	
 Proctorsville	
 Prospect	
 Prosper	
 Providence	
 Provo	
 Pueblo	
 Pueblo West	
 Pukalani	
 Pulaski	
 Pullman	
 Pune	
 PUNTA GORDA	
 Putnam Station	
 Puyallup	
 Quantico	
 Quebec	
 Queen Creek	
 Queens Town	
 Queensbury	
 Quemado	
 Quincy	
 Racine	
 Raeford	
 Raleigh	
 Raliegh	
 Ralston	
 Ramah	
 Ramona	
 Ranch Cordova	
 Rancho Cucamonga	
 Rancho De Taos	
 Rancho Mirage	
 Rancho Santa Margari	
 Rancho Santa Margarita	
 Randolph	
 Random Lake	
 Rangeley	
 Raphine	
 Rapid City	
 Rathdrum	
 Raton	
 Raub	
 Ravenswood	
 Red Feather Lakes	
 Red Lodge	
 Red Wing	
 Redding	
 Redlands	
 Redmond	
 Redondo Beach	
 Redwood City	
 Redwood Falls	
 Reeds Spring	
 Rego Park	
 Rehoboth Beach	
 Reidsville	
 Reno	
 Rensselaer	
 Renton	
 Reston	
 Revelstoke	
 Revere	
 Rexburg	
 Rialto	
 Richardson	
 Richboro	
 Richfield	
 Richland	
 Richmond	
 Richmond Heights	
 Richmond Hill	
 Ridgefield	
 Ridgeland	
 Ridgway	
 Rifle	
 Rijssen	
 RIMROCK	
 Rio Rancho	
 River Falls	
 Riverdale	
 Riverside	
 Riverton	
 Riverview	
 Rivesville	
 Roanoke	
 Roca	
 Rochelle	
 Rochelle Park	
 Rochester	
 ROCHESTER HILLS	
 Rock Forest	
 Rock Hill	
 Rock Island	
 Rock Springs	
 Rockford	
 RockIsland	
 Rockland	
 Rocklin	
 Rockport	
 Rockville	
 Rocky Hill	
 Rocky Mount	
 Rogers	
 Rogue River	
 Rolla	
 Rome	
 Ronan	
 Ronkonkoma	
 Roscoe	
 rosebud	
 Roseburg	
 Roselle	
 Rosemeed	
 Rosemont	
 Rosemount	
 ROSEVILLE	
 Roswell	
 Round Rock	
 Rowlett	
 Rowley	
 Roxboro	
 Rozet	
 Ruidoso	
 Rumson	
 Runnemede	
 Russellville	
 Rutland	
 S. JORDAN	
 S. Ogden	
 Sacaton	
 Sackville	
 Sacramento	
 Saddle Brook	
 SAfety harbor	
 Safford	647534338
 Saginaw	
 Sahuarita	
 Saint Amant	
 Saint Augustine	
 Saint Charles	
 Saint Cloud	
 Saint George	
 Saint James	
 Saint John	
 Saint Joseph	
 Saint Louis	
 Saint Louis Park	
 Saint Paul	
 Saint Peter	
 Saint Peters	
 Saint Petersburg	
 Sale	
 Salem	
 Salida	
 Salina	
 Salinas	
 Salisbury	
 Salt Lake City	
 Sammamish	
 San Angelo	
 San Antonio	
 San Bernardino	
 San Clemente	
 San Diego	
 SAN DIMAS	
 San Francisco	
 San Gabriel	
 SAN JOSE	
 San Juan Capistrano	
 San Leandro	
 San Luis	647534346
 San Luis Obispo	
 San Marcos	
 San Martin	
 San Mateo	
 San Quentin	
 San Salvador	
 SAN TAN VALLEY	
 SanDiego	
 Sandoval	
 Sandpoint	
 SANDWICH	
 Sandy	
 Sandy Bay	
 Sandy `UT	
 SANFORD	
 Santa Ana	
 Santa Barbara	
 Santa Clara	
 Santa Cruz	
 Santa Fe	
 Santa Monica	
 Santa Rosa	
 Sante Fe	
 Santee	
 Saranac Lake	
 Sarasota	
 Sarasota Springs	
 Saratoga	
 Saratoga Springs	
 Sarona	
 Sartell	
 Satellite Beach	
 Sauk Rapids	
 Savage	
 Savannah	
 Savoy	
 Saxtons River	
 Sayre	
 Scarborough	
 Scarsdale	
 SCHAUMBURG	
 Schenectady	
 Schererville	
 Schertz	
 Schofield Barracks	
 Schoumburg	
 Scituate	
 Scott City	
 Scottdale	
 SCOTTSBLUFF	
 Scottsdale	645044453
 Seabrook	
 Seal Beach	
 Seal Rock	
 Searsport	
 Seaside	
 Seattle	
 Sebastian	
 Sebring	
 Sedalia	
 Sedona	645058319
 Sedro Woolley	
 Selah	
 Senath	
 Seneca Falls	
 Seoul	
 Sequim	
 Seven Fields	
 Sevierville	
 Seward	
 Sewell	
 Seymour	
 Shakopee	
 Sharon	
 Sharpsville	
 Shawano	
 Shawnee	
 Sheboygan	
 Shelburne	
 Shelby	
 Shelbyville	
 Shelley	
 Shelton	
 Shenandoah	
 Sheridan	
 Sherman	
 Sherman Oaks	
 Sherwood	
 Sherwood Park	
 Shingle Springs	
 Shioreline	
 Shiprock	
 Shirley	
 Shoreline	
 Show Low	645058320
 Shreveport	
 Shrewsbury	
 Shubert	
 Sicklerville	
 Sidney	
 Sierra Vista	645058321
 Signal Mountain	
 Sikeson	
 Sikeston	
 Silex	
 Silver City	
 Silver Spring	
 Silverton	
 Simpson	
 Simpsonville	
 Sioux City	
 Sioux Falls	
 Sister Bay	
 Sitka	
 Siver City	
 Skipperville	
 Skokie	
 SLC	
 Slidell	
 Slingerlands	
 Smithville	
 SMYRA	
 Smyrna	
 Snellville	
 Snohomish	
 Snowflake	
 Snyder	
 So. Jordan	
 So. Plainfield	
 Solana Beach	
 Somerset	
 Somerton	645057026
 Somerville	
 South Abington Township	
 South Bend	
 South Boston	
 South Burlington	
 South Daytona	
 South Euclid	
 South Jordan	
 South Lake Tahoe	
 South Lyon	
 South Pasadena	
 South Plymouth	
 South Portland	
 South Riding	
 South Weymouth	
 South Zanesville	
 Southampton	
 Southern Pines	
 Southfield	
 Southington	
 SOUTHLAKE	
 Southold	
 Southwick	
 Spanish Fork	
 Sparks	
 Spearfish	
 Spencer	
 Spicer	
 Spicewood	
 Spokane	
 Spokane Valley	
 Spring	
 Spring City	
 Spring Creek	
 Spring Hill	
 Spring Lake	
 Spring Valley	
 Springboro	
 Springdale	
 Springer	
 Springfield	
 St Augustine	
 ST GEORGE	
 St Louis	
 St Louis Park	
 St. Albans	
 St. Augustine	
 ST. CHARLES	
 St. Cloud	
 St. George	
 St. Geroge	
 St. Louis	
 St. Paul	
 St. Peters	
 St. Petersburg	
 St. Simons Island	
 St.Louis	
 St.Paul	
 Stafford	
 Stamford	
 Stanford	
 Stanley	
 State College	
 Staten Island	
 Statesboro	
 Ste Genevieve	
 Stephens City	
 Stephenson	
 Sterling	
 Sterling Heights	
 Steubenville	
 Stevenson	
 Stevensville	
 Stillwater	
 Stockton	
 Stone Mountain	
 Stoneham	
 Stouffville	
 Stoughton	
 Stratford	
 Stratham	
 Strawberry Plains	
 Sturgeon Bay	
 Sturgis	
 Sturtevant	
 Stuttghart Dfoggo	
 Suamico	
 Sublimity	
 Sudbury	
 Sugar Land	
 Sulphur	
 Summerville	
 Sumner	
 sumrall	
 Sumter	
 Sun City	
 Sun City West	
 Sun Lakes	
 SUN VALLEY	
 Sunland	
 Sunnyside	
 Sunrise	
 SUPERIOR	
 Suquamish	
 Surprise	645058326
 Surrey, B.C.	
 Sussex	
 Suwanee	
 Swainsboro	
 Swansea	
 Sycamore	
 Sykesville	
 Sylvania	
 Syracuse	
 Taber	
 Taberacle	
 Tacoma	
 Tafton	
 Tafuna	
 Tahlequah	
 Takoma Park	
 Talbott	
 Talladega	
 Tallahassee	
 Tamarac	
 Tampa	
 Tanner	
 Taos	
 Tarzana	
 Taunton	
 Taupa	
 Tawas City	
 Taylor	
 Taylorsville	
 Teaneck	
 Tehachapi	
 Telluride	
 Temecula	
 Tempe	645058328
 Temple	
 Temple Terrace	
 Tenafly	
 Terra Alta	
 Terre Haute	
 Teutopolis	
 Texarkana	
 THE CLONY	
 The Dalles	
 The Villages	
 The Woodlands	
 Theresa	
 Theriot	
 Thermopolis	
 Thiensville	
 Thomaston	
 Thompson Falls	
 Thoreau	
 Thornton	
 Thornville	
 Thousand Oaks	
 Tierra Amarilla	
 Tiffin	
 Tigard	
 Tijeras	
 Timberlake	
 Tinley Park	
 Tinton Falls	
 Tipton	
 Tishomingo	
 Titusville	
 Togus	
 TOKYO	
 Toledo	
 Tolland	
 Tolleson	645058330
 Tolna	
 Tomball	
 Tompkinsville	
 Toms River	
 Tonalea	
 Tonawanda	
 Tontitown	
 Topeka	
 Topinabee	
 Toppenish	
 Topsfield	
 Toronto	
 Torrance	
 Torrington	
 Towanda	
 Towson	
 Traverse City	
 Trenton	
 Trinidad	
 Trinity	
 Tripler Army Medical Center	
 Troutdale	
 Troutville	
 Troy	
 TRUMBULL	
 Trussville	
 Truth or Consequence	
 Tualatin	
 Tuba City	
 Tubac	
 Tucker	
 Tucson	645058323
 Tulare	
 Tullahoma	
 Tulsa	
 Tumwater	
 Turlock	
 Turnersville	
 Tuscaloosa	
 Tuscon	
 Tustin	
 Twin Falls	
 TWIN VALLEY	
 Twinsburg	
 Two Rivers	
 Tyler	
 Tyrone	
 Ukiah	
 Umatilla	
 Union	
 Union Beach	
 Union Town	
 Uniontown	
 unionville	
 Universal City	
 University	
 University Park	
 Upper Chichester	
 Upper Sandusky	
 Upton	
 Urbana	
 Urbandale	
 Usaf Academy	
 Utah	
 Utica	
 Vail	
 Valdez	
 Valdosta	
 Valencia	
 Vallejo	
 Valley	
 Valley Forge	
 Valley Grove	
 Valley Stream	
 Valparaiso	
 Valrrco	
 Van covver	
 Van Wert	
 Vancouver	
 VC Highlands	
 Venetia	
 Venice	
 Ventura	
 Vermillion	
 Vernal	
 Vernon	
 Vernon Hills	
 Vero Beach	
 Verona	
 Versailles	
 Vian	
 Vickisburg	
 Victoria	
 Victorville	
 Vienna	
 VILLAGE OF LAKEW	
 Village Of Lakewood	
 Vineyard	
 Virginia Beach	
 Visalia	
 Vista	
 Volcano	
 W Dummerston	
 Waco	
 Waconia	
 Wadena	
 Wadsworth	
 Wahiawa	
 Waikanae Beach	
 Waikoloa	
 Wailuku	
 Waipahu	
 Wake Village	
 WaKeeney	
 Wakefield	
 Wakonda	
 Waldport	
 Waldwick	
 Wallingford	
 Walnut	
 Walnut Creek	
 Walpole	
 Waltham	
 Walworth	
 Wapanucka	
 Wardsville	
 Ware	
 Warner Robins	
 Warren	
 Warrens	
 Warrenton	
 Warrenville	
 Warwick	
 Washington	
 Washington Island	
 Washington, DC	
 Washougal	
 Wasilla	
 WATAUGA	
 Waterboro	
 Waterdown	
 Waterford	
 Waterloo	
 WATERTOWN	
 Watkinsville	
 Waucorda	
 Waukee	
 Waukegan	
 WAUKESHA	
 Wausau	
 Wauwatosa	
 WAVERLY	
 Wayland	
 Wayne	
 Waynesburg	
 Wayzata	
 Weatherford	
 Weatogue	
 Weaverville	
 Webster	
 Webster City	
 WEBSTER GROVE	
 Webster Groves	
 WEBSTERGROVES	
 Welland	
 Wellesley	
 Wellesley Hills	
 Wellfleet	
 Wellington	
 Wellsville	
 Wenatchee	
 Wentzville	
 Wernersville	
 Weskan	
 Wesley Chapel	
 West Allis	
 West Babylon	
 West BarnStable	
 West Bend	
 West Bloomfield	
 West Branch	
 West Caldwell	
 West Chester	
 WEST CHICAGO	
 West Columbia	
 West Covina	
 West Covino	
 West Dennis	
 West Des Moines	
 West End	
 West Fargo	
 West Henrietta	
 WEST HILLS	
 West Hollywood	
 West Jordan	
 West Lafayette	
 West Lake	
 West Monroe	
 WEST OES MOINES	
 West Orange	
 West Palm Beach	
 West Paris	
 West Plains	
 West Point	
 West Roxbury	
 West Salem	
 West Seneca	
 West Springfield	
 West Union	
 West Valley	
 West Valley City	
 Westbrook	
 WESTBURY	
 Westchester	
 Westerville	
 Westfield	
 Westford	
 Westhope	
 Westlake	
 WESTLAKE VILLAGE	
 Westminster	
 Westmont	
 Weston	
 WESTWOOD	
 Wethersfield	
 Wexford	
 Wharton	
 Wheat Ridge	
 Wheatland	
 Wheaton	
 Wheeling	
 Whippany	
 Whispering Pines	
 White	
 White Bear Lake	
 White Hall	
 White Lake	
 White Oak	
 White Plains	
 White River Junction	
 White Rocks	
 Whitefish	
 Whitefish Bay	
 Whitehall	
 Whiting	
 Whitmore Lake	
 Whitsett	
 Whittier	
 Wichita	
 Wichita Falls	
 Wickenburg	
 Wilbraham	
 Wilder	
 WILDWOOD	
 Wilen	
 Wilkes Barre	
 Willcox	645058336
 Williams Bay	
 Williamsburg	
 Williamsport	
 Williamston	
 Williamsville	
 Williasburg	
 Willingboro	
 Williston	
 Willmar	
 Willoughby	
 Willoughby Hills	
 Willow	
 Willowbrook	
 Wilmer	
 Wilmerding	
 WILMETTE	
 Wilmington	
 Wilsonville	
 Wilton	
 Wimberly	
 Winamac	
 Winchester	
 WIND LAKE	
 Windham	
 Windom	
 Windson, VIC	
 WINDSOR	
 Winfield	
 Winma	
 WINNETA	
 Winnsboro	
 Winona	
 Winslow	647534451
 Winston Salem	
 Winter Haven	
 Winter Park	
 Winterhaven	
 Winterport	
 Wintersville	
 Winthrop	
 Wisconsin Rapids	
 Wittenberg	
 Woburn	
 Wodley	
 Wolcott	
 Womelsdorf	
 Wood Dale	
 WOODBRIDGE	
 Woodburg	
 Woodbury	
 Woodbury Heights	
 Woodhaven	
 WOODLAND HILLS	
 Woodridge	
 Woodruff	
 WOODS CROSS	
 Woods Hole	
 WOODSTOCK	
 Woodstown	
 Woonsocket	
 Worcester	
 Worthington	
 Wrangell	
 Wright-Patterson AFB	
 Wylic	
 Wynnewood	
 Wyoming	
 Wyomissing	
 Wytheville	
 Yacolt	
 Yakima	
 Yankton	
 Yardley	
 Yarmouth	
 yarnell	
 Yellow Springs	
 Yellowstone National Park	
 Yorba Linda	
 York	
 Yorktown	
 young	
 Youngstown	
 Youngtown	
 Ypsilanti	
 Yuba City	
 Yucca Valley	
 Yulee	
 Yuma	645057028
 Zanesville	
 Zeeland	
 Zion	
 Zionsville	
 Zuni	
Ada	
Ahwahnee	
Alabaster	
Albany	
Albuquerque	
Alexandria	
Alpharetta	
Amelia	
Anchorage	
Andover	
Anthem	
Apache Junction	645055241
Apex	
Arlington	
Arnold	
Artesia	
Atlanta	
Aurora	
Austin	
Avon	
Avondale	645058245
Azle	
Bainbridge Island	
Bakerfields	
Bakersfield	
Ballwin	
Baltimore	
Bay City	
Baytown	
Beach Park	
Beatrice	
Bedford	
Bel Air	
Belfair	
Berkley	
Bethesda	
Bismarck	
Bixby	
Bloomington	
Blue Jay	
Bluefield	
Bonita Springs	
Bossier City	
Boston	
Bothell	
Boulder	
Boulder City	
Bourbonnais	
Brandon	
Branson	
Bristol	
Broken Arrow	
Bronx	
Broomfield	
Brunswick	
Buckeye	
Buffalo	
Calgary	
Carmel	
Carpentersville	
Casa Grande	645055242
Cashmere	
Cedar Rapids	
Centennial	
Chandler	645058252
Charlton	
Chester	
Chicago	
Chico	
Chino Hills	
Chisago City	
Chocorua	
Chula Vista	
Clearwater	
Clermont	
Cleveland	
Clinton	
Cobourg	
Cody	
Coeur d'Alene	
Colorado Springs	
Columbia	
Columbus	
Coppell	
Corona	
Coronado	
Cortez	
Costa Mesa	
Cottonwood	645058257
Cumberland	
Dallas	
Dana Point	
Dayton	
Deerfield Beach	
Delafield	
Denver	
Derby	
Dillsburg	
Dover	
Draper	
Dulce	
Eau Claire	
Eden Prairie	
Edmond	
El Paso	
Eloy	645055245
Emeryville	
Escondido	
Espanola	
Evansville	
Everett	
Fairport	
Fargo	
Fayetteville	
Federal Way	
Flagstaff	645058263
Florence	
Florham Park	
Flower Mound	
Forsyth	
Fort Bragg	
Fort Campbell	
Fort Collins	
Fort Mohave	
Fort Smith	
Fort Wayne	
Fountain Hills	
Franklin	
Fredericksburg	
Frisco	
Ft. Defiance	
Fullerton	
Gainesville	
Gallup	
Garden Grove	
Gilbert	
Glendale	645058269
Glendora	
Globe	645055251
Good Samaritan	
Goodyear	645058270
Grand Junction	
Grand Rapids	
Grayslake	
Greeley	
Green Bay	
Green Valley	
Greenleaf	
Greenville	
Greenwood	
Groveport	
Guaynabo	
Guilford	
Hamburg	
Hannibal	
Healy	
Henderson	
Henrico	
Herriman	
Herscher	
Highland	
Highlands Ranch	
Hoagland	
Holloman AFB	
Homer	
Hoover	
Houston	
Howell	
Hudson	
Humbird	
Idaho Falls	
Independence	
Indian Head	
Indianapolis	
Irvine	
Irving	
Jackson	
Jamaica Plain	
Kalispell	
KAYSVILLE	
King Of Prussia	
Kingman	645058275
Knightdale	
Knoxville	
Kyle	
La Crosse	
La Jolla	
Laguna Niguel	
Lake Havasu City	645058277
Lake Orion	
Lake Worth	
Lakeside	
Lakeville	
Lansdale	
Las Cruces	
Las Vegas	
LAVEEN	
Lawrence	
League City	
Leawood	
Lebanon	
Leesburg	
Lenexa	
Lewisville	
Lexington	
Lexington Park	
Lindsborg	
Litchfield Park	645058279
Little Rock	
Livingston	
Logansport	
Long Beach	
Long Grove	
Lordsburg	
Los Angeles	
Los Gatos	
Lubbock	
Madison	
Maple Grove	
Maricopa	645055256
Marion	
Marquette	
MARYSVILLE	
Medford	
Medina	
Memphis	
Mesa	645058303
Miami	
Middletown	
Midland	
Mililani	
Millbrook	
Milwaukee	
Mitchell	
Monroe	
Monsey	
Morenci	
Morgantown	
Morristown	
Mount Airy	
Murrieta	
Myrtle Beach	
Nashville	
Naugatuck	
New Lenox	
New York	
NEWPORT BEACH	
Noblesville	
Norfolk	
North Charleston	
North Huntingdon	
North Las Vegas	
North Salt Lake	
Northfield	
Northglenn	
Nottingham	
Oak Brook	
Oak Point	
Oakdale	
oakland	
Ocala	
Ogden	
Omaha	
Opdyke	
Oregon	
Orem	
Orlando	
Ormond Beach	
Oro Valley	
Overland Park	
Oxford	
Palm Bay	
Paradise Valley	
Parker	
Parma	
Payson	
Pearl River	
Pekin	
Penn Yan	
Peoria	647534298
Philadelphia	
Phoenix	645058311
phoenix arizona	
Phx	
Piscataway	
Pittsburgh	
Plains	
Plymouth	
Port Huron	
Port Richey	
Portland	
Portsmouth	
Prescott	647534315
Prescott Valley	
Providence	
Putnam	
Queen Creek	
Racine	
Raleigh	
Rancho Cucamonga	
Rapid City	
Rego park	
Reno	
Renton	
Richland	
Richmond Heights	
Ridgewood	
Rochester	
Rockford	
Rockwall	
Ronks	
Roscommon	
Roseburg	
Rosemont	
Roseville	
Royal Palm Beach	
Rumson	
Rural Retreat	
Safford	647534338
Saint George	
Saint Louis	
Saint Michaels	
Saint Paul	
Salem	
Salt Lake City	
San Antonio	
San Diego	
San Jose	
San Juan Capistrano	
San Tan Valley	
Santa Fe	
Santa Rosa	
Sarasota	
Saratoga Springs	
Saunderstown	
Savage	
savannah	
Scottsdale	645044453
Seattle	
Sedona	645058319
sharonhill	
Shawnee	
Sheboygan	
Sherman	
Show Low	645058320
Sierra Vista	645058321
Silver City	
Silver Spring	
Sioux City	
Sioux Falls	
South Glens Falls	
Southfield	
Spokane	
Springfield	
Ste 127	
Stevens Point	
Sturgis	
Sun City West	
Sunny Isles Beach	
Surf City	
Surprise	645058326
Sykesville	
Syracuse	
Tacoma	
Tallahassee	
Tampa	
Tempe	645058328
Thatcher	
The Villages	
Tigard	
Tolleson	645058330
Tomah	
Toms River	
Tonopah	
Torrington	
Trafford	
Tremonton	
Troutdale	
Tucson	645058323
Tucson, AZ 85742	
Tumwater	
Tyler	
Union City	
Upper Chichester	
Valencia	
Vancouver	
Victorville	
Vienna	
W. Warwick	
Warrendale	
Warrenville	
Warsaw	
Washington	
Watertown	
Waukee	
Wausau	
Wauwatosa	
WAYNE	
Waynesboro	
Wayzata	
Wernersville	
West Alis	
West Bloomfield	
West Jordan	
West Union	
Westminster	
Westwood	
Wheeling	
Wichita	
Williamstown	
Wilmington	
Wittmann	
Woodburn	
Wyoming	
Yamagata	
Ypsilanti	
yuma	645057028
Zuni	
