Alabama Business Daily	5
Alaska Business Daily	5
Arizona Business Daily	5
Arkansas Business Daily	5
California Business Daily	5
Colorado Business Daily	5
Connecticut Business Daily	5
Delaware Business Daily	5
Florida Business Daily	5
Georgia Business Daily	5
Hawaii Business Daily	5
Idaho Business Daily	5
Illinois Business Daily	5
Indiana Business Daily	5
Iowa Business Daily	5
Kansas Business Daily	5
Kentucky Business Daily	5
Keystone Business News	5
Louisiana Business Daily	5
Maine Business Daily	5
Maryland Business Daily	5
Massachusetts Business Daily	5
Michigan Business Daily	5
Minnesota Business Daily	5
Mississippi Business Daily	5
Missouri Business Daily	5
Montana Business Daily	5
Nebraska Business Daily	5
Nevada Business Daily	5
New Hampshire Business Daily	5
New Jersey Business Daily	5
New Mexico Business Daily	5
New York Business Daily	5
North Carolina Business Daily	5
North Dakota Business Daily	5
Ohio Business Daily	5
Oklahoma Business Daily	5
Oregon Business Daily	5
Palmetto Business Daily	5
Rhode Island Business Daily	5
South Dakota Business Daily	5
Tennessee Business Daily	5
Texas Business Daily	5
Utah Business Daily	5
Vermont Business Daily	5
Virginia Business Daily	5
Washington Business Daily	5
Washington D.C. Business Daily	5
West Virginia Business Daily	5
Wisconsin Business Daily	5
Wyoming Business Daily	5
